True Crime Addict Scrambles To Find Something Cheerful To Watch Before Bed,https://www.betootaadvocate.com/breaking-news/true-crime-addict-scrambles-to-find-something-cheerful-to-watch-before-bed/,1
Local Man Who Is Financially Secure Enough To Afford A Psychologist Now Doesn’t Need One Anymore,https://www.betootaadvocate.com/breaking-news/local-man-who-is-financially-secure-enough-to-afford-a-psychologist-now-doesnt-need-one-anymore/,1
Kahlua & Milk Hangover Really Has That Extra Wobble,https://www.betootaadvocate.com/breaking-news/kahlua-milk-hangover-really-has-that-extra-wobble/,1
Tinder Creep Forced To Describe Genitalia After Phone Camera Breaks,https://www.betootaadvocate.com/breaking-news/tinder-creep-forced-to-describe-genitalia-after-phone-camera-breaks/,1
Boomer Accurately Predicts Overly Sentimental Facebook Post Won’t Even Get One Share,https://www.betootaadvocate.com/breaking-news/boomer-accurately-predicts-overly-sentimental-facebook-post-wont-even-get-one-share/,1
Heavily Typoed Text Message Gives Little Insight Into Mates Wild Night,https://www.betootaadvocate.com/breaking-news/heavily-typoed-text-message-gives-little-insight-into-mates-wild-night/,1
Fledgeling Real Estate Agent Immediately Shunned For Not Adopting Slicked Back Haircut,https://www.betootaadvocate.com/breaking-news/fledgeling-real-estate-agent-immediately-shunned-for-not-adopting-slicked-back-haircut/,1
Bloke Visiting Family For Chrissy Spends Majority Of Time Providing Tech Support To Relatives,https://www.betootaadvocate.com/breaking-news/bloke-visiting-family-for-chrissy-spends-majority-of-time-providing-tech-support-to-relatives/,1
Only Child Not Letting Anyone Else Play As Yoshi,https://www.betootaadvocate.com/breaking-news/only-child-not-letting-anyone-else-play-as-yoshi/,1
Hot Air Balloon Once Again The Most Impractical Form Of Air Travel After TigerAir Shutdown,https://www.betootaadvocate.com/breaking-news/hot-air-balloon-once-again-the-most-impractical-form-of-air-travel-after-tigerair-shutdown/,1
Young People Told To Get The Astro Zucchini So Boomers Will Try To Take That From Them, Too,https://www.betootaadvocate.com/advocate-in-focus/young-people-told-to-get-the-astro-zucchini-so-boomers-will-try-to-take-that-from-them-too/,1
Health Experts Clarify Any Moree Locals Who Frequent The Hot Pools Are Immune To Delta Variant,https://www.betootaadvocate.com/headlines/health-experts-clarify-any-moree-locals-who-frequent-the-hot-pools-are-immune-to-delta-variant/,1
Anna Asks For A Refund On That 8 Million Bucks,https://www.betootaadvocate.com/breaking-news/anna-asks-for-a-refund-on-that-8-million-bucks/,1
Queensland Media Refuse To Name And Shame Victorian Woman Because She Probably Looks Like This,https://www.betootaadvocate.com/advocate-in-focus/queensland-media-refuse-to-name-and-shame-victorian-woman-because-she-probably-looks-like-this/,1
Wayne Bennett Wakes Up To 97 Missed Calls,https://www.betootaadvocate.com/sports/wayne-bennett-wakes-up-to-97-missed-calls/,1
True Crime Addict Scrambles To Find Something Cheerful To Watch Before Bed,https://www.betootaadvocate.com/breaking-news/true-crime-addict-scrambles-to-find-something-cheerful-to-watch-before-bed/,1
Local Man Who Is Financially Secure Enough To Afford A Psychologist Now Doesn’t Need One Anymore,https://www.betootaadvocate.com/breaking-news/local-man-who-is-financially-secure-enough-to-afford-a-psychologist-now-doesnt-need-one-anymore/,1
Kahlua & Milk Hangover Really Has That Extra Wobble,https://www.betootaadvocate.com/breaking-news/kahlua-milk-hangover-really-has-that-extra-wobble/,1
Tinder Creep Forced To Describe Genitalia After Phone Camera Breaks,https://www.betootaadvocate.com/breaking-news/tinder-creep-forced-to-describe-genitalia-after-phone-camera-breaks/,1
Boomer Accurately Predicts Overly Sentimental Facebook Post Won’t Even Get One Share,https://www.betootaadvocate.com/breaking-news/boomer-accurately-predicts-overly-sentimental-facebook-post-wont-even-get-one-share/,1
Heavily Typoed Text Message Gives Little Insight Into Mates Wild Night,https://www.betootaadvocate.com/breaking-news/heavily-typoed-text-message-gives-little-insight-into-mates-wild-night/,1
Fledgeling Real Estate Agent Immediately Shunned For Not Adopting Slicked Back Haircut,https://www.betootaadvocate.com/breaking-news/fledgeling-real-estate-agent-immediately-shunned-for-not-adopting-slicked-back-haircut/,1
Bloke Visiting Family For Chrissy Spends Majority Of Time Providing Tech Support To Relatives,https://www.betootaadvocate.com/breaking-news/bloke-visiting-family-for-chrissy-spends-majority-of-time-providing-tech-support-to-relatives/,1
Only Child Not Letting Anyone Else Play As Yoshi,https://www.betootaadvocate.com/breaking-news/only-child-not-letting-anyone-else-play-as-yoshi/,1
Hot Air Balloon Once Again The Most Impractical Form Of Air Travel After TigerAir Shutdown,https://www.betootaadvocate.com/breaking-news/hot-air-balloon-once-again-the-most-impractical-form-of-air-travel-after-tigerair-shutdown/,1
Young People Told To Get The Astro Zucchini So Boomers Will Try To Take That From Them, Too,https://www.betootaadvocate.com/advocate-in-focus/young-people-told-to-get-the-astro-zucchini-so-boomers-will-try-to-take-that-from-them-too/,1
Health Experts Clarify Any Moree Locals Who Frequent The Hot Pools Are Immune To Delta Variant,https://www.betootaadvocate.com/headlines/health-experts-clarify-any-moree-locals-who-frequent-the-hot-pools-are-immune-to-delta-variant/,1
Anna Asks For A Refund On That 8 Million Bucks,https://www.betootaadvocate.com/breaking-news/anna-asks-for-a-refund-on-that-8-million-bucks/,1
Queensland Media Refuse To Name And Shame Victorian Woman Because She Probably Looks Like This,https://www.betootaadvocate.com/advocate-in-focus/queensland-media-refuse-to-name-and-shame-victorian-woman-because-she-probably-looks-like-this/,1
Wayne Bennett Wakes Up To 97 Missed Calls,https://www.betootaadvocate.com/sports/wayne-bennett-wakes-up-to-97-missed-calls/,1
True Crime Addict Scrambles To Find Something Cheerful To Watch Before Bed,https://www.betootaadvocate.com/breaking-news/true-crime-addict-scrambles-to-find-something-cheerful-to-watch-before-bed/,1
Local Man Who Is Financially Secure Enough To Afford A Psychologist Now Doesn’t Need One Anymore,https://www.betootaadvocate.com/breaking-news/local-man-who-is-financially-secure-enough-to-afford-a-psychologist-now-doesnt-need-one-anymore/,1
Kahlua & Milk Hangover Really Has That Extra Wobble,https://www.betootaadvocate.com/breaking-news/kahlua-milk-hangover-really-has-that-extra-wobble/,1
Tinder Creep Forced To Describe Genitalia After Phone Camera Breaks,https://www.betootaadvocate.com/breaking-news/tinder-creep-forced-to-describe-genitalia-after-phone-camera-breaks/,1
Boomer Accurately Predicts Overly Sentimental Facebook Post Won’t Even Get One Share,https://www.betootaadvocate.com/breaking-news/boomer-accurately-predicts-overly-sentimental-facebook-post-wont-even-get-one-share/,1
Heavily Typoed Text Message Gives Little Insight Into Mates Wild Night,https://www.betootaadvocate.com/breaking-news/heavily-typoed-text-message-gives-little-insight-into-mates-wild-night/,1
Fledgeling Real Estate Agent Immediately Shunned For Not Adopting Slicked Back Haircut,https://www.betootaadvocate.com/breaking-news/fledgeling-real-estate-agent-immediately-shunned-for-not-adopting-slicked-back-haircut/,1
Bloke Visiting Family For Chrissy Spends Majority Of Time Providing Tech Support To Relatives,https://www.betootaadvocate.com/breaking-news/bloke-visiting-family-for-chrissy-spends-majority-of-time-providing-tech-support-to-relatives/,1
Only Child Not Letting Anyone Else Play As Yoshi,https://www.betootaadvocate.com/breaking-news/only-child-not-letting-anyone-else-play-as-yoshi/,1
Hot Air Balloon Once Again The Most Impractical Form Of Air Travel After TigerAir Shutdown,https://www.betootaadvocate.com/breaking-news/hot-air-balloon-once-again-the-most-impractical-form-of-air-travel-after-tigerair-shutdown/,1
Young People Told To Get The Astro Zucchini So Boomers Will Try To Take That From Them, Too,https://www.betootaadvocate.com/advocate-in-focus/young-people-told-to-get-the-astro-zucchini-so-boomers-will-try-to-take-that-from-them-too/,1
Health Experts Clarify Any Moree Locals Who Frequent The Hot Pools Are Immune To Delta Variant,https://www.betootaadvocate.com/headlines/health-experts-clarify-any-moree-locals-who-frequent-the-hot-pools-are-immune-to-delta-variant/,1
Anna Asks For A Refund On That 8 Million Bucks,https://www.betootaadvocate.com/breaking-news/anna-asks-for-a-refund-on-that-8-million-bucks/,1
Queensland Media Refuse To Name And Shame Victorian Woman Because She Probably Looks Like This,https://www.betootaadvocate.com/advocate-in-focus/queensland-media-refuse-to-name-and-shame-victorian-woman-because-she-probably-looks-like-this/,1
Wayne Bennett Wakes Up To 97 Missed Calls,https://www.betootaadvocate.com/sports/wayne-bennett-wakes-up-to-97-missed-calls/,1
True Crime Addict Scrambles To Find Something Cheerful To Watch Before Bed,https://www.betootaadvocate.com/breaking-news/true-crime-addict-scrambles-to-find-something-cheerful-to-watch-before-bed/,1
Local Man Who Is Financially Secure Enough To Afford A Psychologist Now Doesn’t Need One Anymore,https://www.betootaadvocate.com/breaking-news/local-man-who-is-financially-secure-enough-to-afford-a-psychologist-now-doesnt-need-one-anymore/,1
Kahlua & Milk Hangover Really Has That Extra Wobble,https://www.betootaadvocate.com/breaking-news/kahlua-milk-hangover-really-has-that-extra-wobble/,1
Tinder Creep Forced To Describe Genitalia After Phone Camera Breaks,https://www.betootaadvocate.com/breaking-news/tinder-creep-forced-to-describe-genitalia-after-phone-camera-breaks/,1
Boomer Accurately Predicts Overly Sentimental Facebook Post Won’t Even Get One Share,https://www.betootaadvocate.com/breaking-news/boomer-accurately-predicts-overly-sentimental-facebook-post-wont-even-get-one-share/,1
Heavily Typoed Text Message Gives Little Insight Into Mates Wild Night,https://www.betootaadvocate.com/breaking-news/heavily-typoed-text-message-gives-little-insight-into-mates-wild-night/,1
Fledgeling Real Estate Agent Immediately Shunned For Not Adopting Slicked Back Haircut,https://www.betootaadvocate.com/breaking-news/fledgeling-real-estate-agent-immediately-shunned-for-not-adopting-slicked-back-haircut/,1
Bloke Visiting Family For Chrissy Spends Majority Of Time Providing Tech Support To Relatives,https://www.betootaadvocate.com/breaking-news/bloke-visiting-family-for-chrissy-spends-majority-of-time-providing-tech-support-to-relatives/,1
Only Child Not Letting Anyone Else Play As Yoshi,https://www.betootaadvocate.com/breaking-news/only-child-not-letting-anyone-else-play-as-yoshi/,1
Hot Air Balloon Once Again The Most Impractical Form Of Air Travel After TigerAir Shutdown,https://www.betootaadvocate.com/breaking-news/hot-air-balloon-once-again-the-most-impractical-form-of-air-travel-after-tigerair-shutdown/,1
Young People Told To Get The Astro Zucchini So Boomers Will Try To Take That From Them, Too,https://www.betootaadvocate.com/advocate-in-focus/young-people-told-to-get-the-astro-zucchini-so-boomers-will-try-to-take-that-from-them-too/,1
Health Experts Clarify Any Moree Locals Who Frequent The Hot Pools Are Immune To Delta Variant,https://www.betootaadvocate.com/headlines/health-experts-clarify-any-moree-locals-who-frequent-the-hot-pools-are-immune-to-delta-variant/,1
Anna Asks For A Refund On That 8 Million Bucks,https://www.betootaadvocate.com/breaking-news/anna-asks-for-a-refund-on-that-8-million-bucks/,1
Queensland Media Refuse To Name And Shame Victorian Woman Because She Probably Looks Like This,https://www.betootaadvocate.com/advocate-in-focus/queensland-media-refuse-to-name-and-shame-victorian-woman-because-she-probably-looks-like-this/,1
Wayne Bennett Wakes Up To 97 Missed Calls,https://www.betootaadvocate.com/sports/wayne-bennett-wakes-up-to-97-missed-calls/,1
True Crime Addict Scrambles To Find Something Cheerful To Watch Before Bed,https://www.betootaadvocate.com/breaking-news/true-crime-addict-scrambles-to-find-something-cheerful-to-watch-before-bed/,1
Local Man Who Is Financially Secure Enough To Afford A Psychologist Now Doesn’t Need One Anymore,https://www.betootaadvocate.com/breaking-news/local-man-who-is-financially-secure-enough-to-afford-a-psychologist-now-doesnt-need-one-anymore/,1
Kahlua & Milk Hangover Really Has That Extra Wobble,https://www.betootaadvocate.com/breaking-news/kahlua-milk-hangover-really-has-that-extra-wobble/,1
Tinder Creep Forced To Describe Genitalia After Phone Camera Breaks,https://www.betootaadvocate.com/breaking-news/tinder-creep-forced-to-describe-genitalia-after-phone-camera-breaks/,1
Boomer Accurately Predicts Overly Sentimental Facebook Post Won’t Even Get One Share,https://www.betootaadvocate.com/breaking-news/boomer-accurately-predicts-overly-sentimental-facebook-post-wont-even-get-one-share/,1
Heavily Typoed Text Message Gives Little Insight Into Mates Wild Night,https://www.betootaadvocate.com/breaking-news/heavily-typoed-text-message-gives-little-insight-into-mates-wild-night/,1
Fledgeling Real Estate Agent Immediately Shunned For Not Adopting Slicked Back Haircut,https://www.betootaadvocate.com/breaking-news/fledgeling-real-estate-agent-immediately-shunned-for-not-adopting-slicked-back-haircut/,1
Bloke Visiting Family For Chrissy Spends Majority Of Time Providing Tech Support To Relatives,https://www.betootaadvocate.com/breaking-news/bloke-visiting-family-for-chrissy-spends-majority-of-time-providing-tech-support-to-relatives/,1
Only Child Not Letting Anyone Else Play As Yoshi,https://www.betootaadvocate.com/breaking-news/only-child-not-letting-anyone-else-play-as-yoshi/,1
Hot Air Balloon Once Again The Most Impractical Form Of Air Travel After TigerAir Shutdown,https://www.betootaadvocate.com/breaking-news/hot-air-balloon-once-again-the-most-impractical-form-of-air-travel-after-tigerair-shutdown/,1
Young People Told To Get The Astro Zucchini So Boomers Will Try To Take That From Them, Too,https://www.betootaadvocate.com/advocate-in-focus/young-people-told-to-get-the-astro-zucchini-so-boomers-will-try-to-take-that-from-them-too/,1
Health Experts Clarify Any Moree Locals Who Frequent The Hot Pools Are Immune To Delta Variant,https://www.betootaadvocate.com/headlines/health-experts-clarify-any-moree-locals-who-frequent-the-hot-pools-are-immune-to-delta-variant/,1
Anna Asks For A Refund On That 8 Million Bucks,https://www.betootaadvocate.com/breaking-news/anna-asks-for-a-refund-on-that-8-million-bucks/,1
Queensland Media Refuse To Name And Shame Victorian Woman Because She Probably Looks Like This,https://www.betootaadvocate.com/advocate-in-focus/queensland-media-refuse-to-name-and-shame-victorian-woman-because-she-probably-looks-like-this/,1
Wayne Bennett Wakes Up To 97 Missed Calls,https://www.betootaadvocate.com/sports/wayne-bennett-wakes-up-to-97-missed-calls/,1